variant,anomaly_type,method,customer,date,score,score_pct,rank
raw,global_point,units,620000,2024-04-15,4.058696746826172,1.0,1
raw,global_point,units,620000,2024-04-14,2.835458993911743,0.9982638888888888,2
raw,global_point,units,620000,2022-12-26,2.4221692085266113,0.9965277777777778,3
raw,global_point,units,620000,2023-04-03,2.007915735244751,0.9947916666666666,4
raw,global_point,units,620000,2023-01-25,1.8006569147109985,0.9930555555555556,5
raw,global_point,units,620000,2023-10-31,1.6493850946426392,0.9913194444444444,6
raw,global_point,units,620000,2023-02-06,1.4616414308547974,0.9895833333333334,7
raw,global_point,units,620000,2023-11-15,1.3447949886322021,0.9878472222222222,8
raw,global_point,units,620000,2023-12-08,1.3393259048461914,0.9861111111111112,9
raw,global_point,units,620000,2024-04-21,1.2709569931030273,0.984375,10
raw,global_point,units,620000,2024-05-24,1.2392754554748535,0.9826388888888888,11
raw,global_point,units,620000,2024-05-17,1.2121790647506714,0.9809027777777778,12
raw,global_point,units,620000,2023-03-03,1.208977222442627,0.9791666666666666,13
raw,global_point,units,620000,2024-02-29,1.1499195098876953,0.9774305555555556,14
raw,global_point,units,620000,2023-11-27,1.0976299047470093,0.9756944444444444,15
raw,global_point,units,620000,2024-04-16,1.0828626155853271,0.9739583333333334,16
raw,global_point,units,620000,2023-11-26,1.078500509262085,0.9722222222222222,17
raw,global_point,units,620000,2023-01-23,1.0739914178848267,0.9704861111111112,18
raw,global_point,units,620000,2024-02-05,1.070425271987915,0.96875,19
raw,global_point,units,620000,2024-02-27,1.0115513801574707,0.9670138888888888,20
raw,global_point,units,620000,2023-05-04,0.9701600074768066,0.9652777777777778,21
raw,global_point,units,620000,2024-04-22,0.9619210958480835,0.9635416666666666,22
raw,global_point,units,620000,2022-12-25,0.9572156667709351,0.9618055555555556,23
raw,global_point,units,620000,2023-03-15,0.8860982656478882,0.9600694444444444,24
raw,global_point,units,620000,2024-05-15,0.8760377168655396,0.9583333333333334,25
raw,global_point,units,633000,2024-04-14,4.217237949371338,1.0,1
raw,global_point,units,633000,2024-04-15,4.214107990264893,0.9982638888888888,2
raw,global_point,units,633000,2023-04-03,2.4236481189727783,0.9965277777777778,3
raw,global_point,units,633000,2023-10-31,2.3873870372772217,0.9947916666666666,4
raw,global_point,units,633000,2023-07-24,2.2248542308807373,0.9930555555555556,5
raw,global_point,units,633000,2024-04-22,2.221997022628784,0.9913194444444444,6
raw,global_point,units,633000,2024-02-29,1.9641741514205933,0.9895833333333334,7
raw,global_point,units,633000,2023-02-06,1.905273675918579,0.9878472222222222,8
raw,global_point,units,633000,2024-04-21,1.901463270187378,0.9861111111111112,9
raw,global_point,units,633000,2022-12-26,1.6894903182983398,0.984375,10
raw,global_point,units,633000,2023-05-04,1.6143585443496704,0.9826388888888888,11
raw,global_point,units,633000,2024-05-24,1.4725759029388428,0.9809027777777778,12
raw,global_point,units,633000,2023-12-08,1.460472583770752,0.9791666666666666,13
raw,global_point,units,633000,2023-11-15,1.3460383415222168,0.9774305555555556,14
raw,global_point,units,633000,2023-08-23,1.1803830862045288,0.9756944444444444,15
raw,global_point,units,633000,2023-09-08,1.1637601852416992,0.9739583333333334,16
raw,global_point,units,633000,2023-03-15,1.1497185230255127,0.9722222222222222,17
raw,global_point,units,633000,2024-04-16,1.0939140319824219,0.9704861111111112,18
raw,global_point,units,633000,2024-03-04,1.0909099578857422,0.96875,19
raw,global_point,units,633000,2024-04-07,1.0568221807479858,0.9670138888888888,20
raw,global_point,units,633000,2023-04-27,1.0238932371139526,0.9652777777777778,21
raw,global_point,units,633000,2024-03-01,1.014715552330017,0.9635416666666666,22
raw,global_point,units,633000,2023-10-23,0.9508172869682312,0.9618055555555556,23
raw,global_point,units,633000,2023-02-07,0.8767269849777222,0.9600694444444444,24
raw,global_point,units,633000,2023-09-20,0.862182080745697,0.9583333333333334,25
raw,global_point,units,2968000,2024-02-15,15.042926788330078,1.0,1
raw,global_point,units,2968000,2023-11-06,13.348127365112305,0.9982638888888888,2
raw,global_point,units,2968000,2024-03-14,10.76258373260498,0.9965277777777778,3
raw,global_point,units,2968000,2024-02-14,7.34152889251709,0.9947916666666666,4
raw,global_point,units,2968000,2024-05-27,6.49008846282959,0.9930555555555556,5
raw,global_point,units,2968000,2023-09-18,6.164134979248047,0.9913194444444444,6
raw,global_point,units,2968000,2023-11-05,5.6491546630859375,0.9895833333333334,7
raw,global_point,units,2968000,2024-03-13,5.213160037994385,0.9878472222222222,8
raw,global_point,units,2968000,2023-11-07,4.775153160095215,0.9861111111111112,9
raw,global_point,units,2968000,2024-04-11,4.3126678466796875,0.984375,10
raw,global_point,units,2968000,2024-02-16,4.008594512939453,0.9826388888888888,11
raw,global_point,units,2968000,2024-02-13,3.5622506141662598,0.9809027777777778,12
raw,global_point,units,2968000,2023-09-19,3.4398584365844727,0.9791666666666666,13
raw,global_point,units,2968000,2023-09-20,3.237752676010132,0.9774305555555556,14
raw,global_point,units,2968000,2024-04-10,2.9275588989257812,0.9756944444444444,15
raw,global_point,units,2968000,2024-04-23,2.8948841094970703,0.9739583333333334,16
raw,global_point,units,2968000,2024-02-21,2.5420517921447754,0.9722222222222222,17
raw,global_point,units,2968000,2023-12-03,2.3511829376220703,0.9704861111111112,18
raw,global_point,units,2968000,2024-03-15,2.19901442527771,0.96875,19
raw,global_point,units,2968000,2023-11-15,2.0890419483184814,0.9670138888888888,20
raw,global_point,units,2968000,2023-11-03,2.0518836975097656,0.9652777777777778,21
raw,global_point,units,2968000,2024-02-22,1.5445737838745117,0.9635416666666666,22
raw,global_point,units,2968000,2024-03-01,1.5407774448394775,0.9618055555555556,23
raw,global_point,units,2968000,2024-05-26,1.5193244218826294,0.9600694444444444,24
raw,global_point,units,2968000,2024-05-16,1.4479199647903442,0.9583333333333334,25
raw,global_point,units,3296000,2024-03-01,17.275108337402344,1.0,1
raw,global_point,units,3296000,2024-04-15,10.121878623962402,0.9982638888888888,2
raw,global_point,units,3296000,2024-02-29,7.926795959472656,0.9965277777777778,3
raw,global_point,units,3296000,2024-03-02,4.459903240203857,0.9947916666666666,4
raw,global_point,units,3296000,2024-03-20,4.347527503967285,0.9930555555555556,5
raw,global_point,units,3296000,2024-04-14,3.835585594177246,0.9913194444444444,6
raw,global_point,units,3296000,2023-04-03,2.9528298377990723,0.9895833333333334,7
raw,global_point,units,3296000,2024-03-28,2.8381474018096924,0.9878472222222222,8
raw,global_point,units,3296000,2024-04-16,2.514244318008423,0.9861111111111112,9
raw,global_point,units,3296000,2024-04-05,2.2608914375305176,0.984375,10
raw,global_point,units,3296000,2024-03-21,2.2372326850891113,0.9826388888888888,11
raw,global_point,units,3296000,2024-05-16,2.108949661254883,0.9809027777777778,12
raw,global_point,units,3296000,2023-10-26,1.6222467422485352,0.9791666666666666,13
raw,global_point,units,3296000,2024-04-07,1.6042119264602661,0.9774305555555556,14
raw,global_point,units,3296000,2024-03-05,1.4493294954299927,0.9756944444444444,15
raw,global_point,units,3296000,2024-04-03,1.4452368021011353,0.9739583333333334,16
raw,global_point,units,3296000,2023-04-20,1.3865776062011719,0.9722222222222222,17
raw,global_point,units,3296000,2023-12-08,1.3853734731674194,0.9704861111111112,18
raw,global_point,units,3296000,2024-03-29,1.3542331457138062,0.96875,19
raw,global_point,units,3296000,2024-02-28,1.2779136896133423,0.9670138888888888,20
raw,global_point,units,3296000,2024-02-16,1.2605938911437988,0.9652777777777778,21
raw,global_point,units,3296000,2023-04-19,1.2448530197143555,0.9635416666666666,22
raw,global_point,units,3296000,2024-05-17,1.2095246315002441,0.9618055555555556,23
raw,global_point,units,3296000,2024-05-27,1.146040439605713,0.9600694444444444,24
raw,global_point,units,3296000,2024-05-19,1.1292933225631714,0.9583333333333334,25
raw,global_point,units,13400000,2023-04-03,6.118864059448242,1.0,1
raw,global_point,units,13400000,2024-04-15,4.86574125289917,0.9982638888888888,2
raw,global_point,units,13400000,2022-12-26,2.9972424507141113,0.9965277777777778,3
raw,global_point,units,13400000,2024-04-14,2.8640050888061523,0.9947916666666666,4
raw,global_point,units,13400000,2023-12-08,2.1426150798797607,0.9930555555555556,5
raw,global_point,units,13400000,2023-05-04,2.0270485877990723,0.9913194444444444,6
raw,global_point,units,13400000,2023-10-26,1.9125739336013794,0.9895833333333334,7
raw,global_point,units,13400000,2024-04-05,1.521027684211731,0.9878472222222222,8
raw,global_point,units,13400000,2024-05-24,1.4721691608428955,0.9861111111111112,9
raw,global_point,units,13400000,2023-09-20,1.4480680227279663,0.984375,10
raw,global_point,units,13400000,2024-03-08,1.4085842370986938,0.9826388888888888,11
raw,global_point,units,13400000,2024-02-26,1.300233006477356,0.9809027777777778,12
raw,global_point,units,13400000,2023-08-23,1.274210810661316,0.9791666666666666,13
raw,global_point,units,13400000,2023-11-15,1.2471795082092285,0.9774305555555556,14
raw,global_point,units,13400000,2023-04-04,1.2374018430709839,0.9756944444444444,15
raw,global_point,units,13400000,2024-03-29,1.1667505502700806,0.9739583333333334,16
raw,global_point,units,13400000,2022-12-25,1.1470838785171509,0.9722222222222222,17
raw,global_point,units,13400000,2023-04-28,1.065260410308838,0.9704861111111112,18
raw,global_point,units,13400000,2024-03-28,0.9923065304756165,0.96875,19
raw,global_point,units,13400000,2023-11-11,0.9312936067581177,0.9670138888888888,20
raw,global_point,units,13400000,2023-10-22,0.9085078239440918,0.9652777777777778,21
raw,global_point,units,13400000,2024-02-28,0.8919709920883179,0.9635416666666666,22
raw,global_point,units,13400000,2024-04-07,0.8623326420783997,0.9618055555555556,23
raw,global_point,units,13400000,2024-03-07,0.8493273854255676,0.9600694444444444,24
raw,global_point,units,13400000,2024-03-09,0.8402731418609619,0.9583333333333334,25
raw,global_point,units,13401000,2024-04-15,8.852684020996094,1.0,1
raw,global_point,units,13401000,2024-04-14,5.618703365325928,0.9982638888888888,2
raw,global_point,units,13401000,2023-05-04,3.603726387023926,0.9965277777777778,3
raw,global_point,units,13401000,2023-12-08,2.498317241668701,0.9947916666666666,4
raw,global_point,units,13401000,2024-04-16,2.238297462463379,0.9930555555555556,5
raw,global_point,units,13401000,2023-04-27,1.959680199623108,0.9913194444444444,6
raw,global_point,units,13401000,2023-04-28,1.7068673372268677,0.9895833333333334,7
raw,global_point,units,13401000,2023-10-26,1.550974726676941,0.9878472222222222,8
raw,global_point,units,13401000,2023-11-01,1.5387650728225708,0.9861111111111112,9
raw,global_point,units,13401000,2023-04-03,1.4924051761627197,0.984375,10
raw,global_point,units,13401000,2024-05-13,1.4881819486618042,0.9826388888888888,11
raw,global_point,units,13401000,2024-03-29,1.3964380025863647,0.9809027777777778,12
raw,global_point,units,13401000,2024-02-15,1.316559910774231,0.9791666666666666,13
raw,global_point,units,13401000,2024-04-07,1.1929363012313843,0.9774305555555556,14
raw,global_point,units,13401000,2023-01-16,1.1167272329330444,0.9756944444444444,15
raw,global_point,units,13401000,2023-11-03,1.092430830001831,0.9739583333333334,16
raw,global_point,units,13401000,2024-03-28,1.0738780498504639,0.9722222222222222,17
raw,global_point,units,13401000,2023-08-23,1.0736534595489502,0.9704861111111112,18
raw,global_point,units,13401000,2024-03-08,1.0473718643188477,0.96875,19
raw,global_point,units,13401000,2024-03-07,1.0121034383773804,0.9670138888888888,20
raw,global_point,units,13401000,2024-04-22,0.9921305775642395,0.9652777777777778,21
raw,global_point,units,13401000,2023-04-04,0.9433760046958923,0.9635416666666666,22
raw,global_point,units,13401000,2023-03-31,0.9332648515701294,0.9618055555555556,23
raw,global_point,units,13401000,2023-09-29,0.920671284198761,0.9600694444444444,24
raw,global_point,units,13401000,2023-11-06,0.8814694285392761,0.9583333333333334,25
raw,global_point,units,161832000,2024-04-15,9.448809623718262,1.0,1
raw,global_point,units,161832000,2024-04-21,9.44306755065918,0.9982638888888888,2
raw,global_point,units,161832000,2024-03-29,8.77504825592041,0.9965277777777778,3
raw,global_point,units,161832000,2024-03-28,8.639420509338379,0.9947916666666666,4
raw,global_point,units,161832000,2024-04-14,7.4994025230407715,0.9930555555555556,5
raw,global_point,units,161832000,2024-04-22,7.237224102020264,0.9913194444444444,6
raw,global_point,units,161832000,2024-04-25,6.7724103927612305,0.9895833333333334,7
raw,global_point,units,161832000,2024-04-16,6.088550090789795,0.9878472222222222,8
raw,global_point,units,161832000,2024-05-17,5.891796588897705,0.9861111111111112,9
raw,global_point,units,161832000,2024-04-04,5.0626397132873535,0.984375,10
raw,global_point,units,161832000,2024-04-03,4.492325305938721,0.9826388888888888,11
raw,global_point,units,161832000,2023-04-03,4.151774883270264,0.9809027777777778,12
raw,global_point,units,161832000,2024-05-16,3.7953057289123535,0.9791666666666666,13
raw,global_point,units,161832000,2024-04-05,3.5691874027252197,0.9774305555555556,14
raw,global_point,units,161832000,2022-12-26,2.8749358654022217,0.9756944444444444,15
raw,global_point,units,161832000,2023-05-04,2.536700487136841,0.9739583333333334,16
raw,global_point,units,161832000,2024-05-22,2.366299629211426,0.9722222222222222,17
raw,global_point,units,161832000,2024-04-07,2.2029035091400146,0.9704861111111112,18
raw,global_point,units,161832000,2024-03-18,2.127558708190918,0.96875,19
raw,global_point,units,161832000,2024-02-29,2.0091359615325928,0.9670138888888888,20
raw,global_point,units,161832000,2024-05-04,2.0018930435180664,0.9652777777777778,21
raw,global_point,units,161832000,2024-04-24,1.9902688264846802,0.9635416666666666,22
raw,global_point,units,161832000,2023-09-20,1.959252953529358,0.9618055555555556,23
raw,global_point,units,161832000,2024-05-18,1.9383021593093872,0.9600694444444444,24
raw,global_point,units,161832000,2024-04-28,1.8975166082382202,0.9583333333333334,25
raw,global_point,units,161835000,2024-04-25,138.78131103515625,1.0,1
raw,global_point,units,161835000,2024-04-24,42.88249206542969,0.9982638888888888,2
raw,global_point,units,161835000,2024-04-26,40.276214599609375,0.9965277777777778,3
raw,global_point,units,161835000,2024-04-21,38.131309509277344,0.9947916666666666,4
raw,global_point,units,161835000,2024-04-22,32.872406005859375,0.9930555555555556,5
raw,global_point,units,161835000,2024-03-28,8.547965049743652,0.9913194444444444,6
raw,global_point,units,161835000,2024-03-29,5.529606342315674,0.9895833333333334,7
raw,global_point,units,161835000,2022-12-26,4.928718566894531,0.9878472222222222,8
raw,global_point,units,161835000,2023-04-03,4.670522689819336,0.9861111111111112,9
raw,global_point,units,161835000,2024-04-14,4.4849324226379395,0.984375,10
raw,global_point,units,161835000,2024-05-13,3.7619001865386963,0.9826388888888888,11
raw,global_point,units,161835000,2024-04-23,3.688854217529297,0.9809027777777778,12
raw,global_point,units,161835000,2024-04-17,3.4107933044433594,0.9791666666666666,13
raw,global_point,units,161835000,2024-04-04,3.2778940200805664,0.9774305555555556,14
raw,global_point,units,161835000,2024-04-05,2.9975833892822266,0.9756944444444444,15
raw,global_point,units,161835000,2024-05-24,2.884993553161621,0.9739583333333334,16
raw,global_point,units,161835000,2024-04-15,2.665424346923828,0.9722222222222222,17
raw,global_point,units,161835000,2024-05-16,2.5755245685577393,0.9704861111111112,18
raw,global_point,units,161835000,2023-03-01,2.5418860912323,0.96875,19
raw,global_point,units,161835000,2023-04-04,2.3996832370758057,0.9670138888888888,20
raw,global_point,units,161835000,2024-03-01,2.3189549446105957,0.9652777777777778,21
raw,global_point,units,161835000,2024-05-17,2.2867918014526367,0.9635416666666666,22
raw,global_point,units,161835000,2022-12-25,2.1130471229553223,0.9618055555555556,23
raw,global_point,units,161835000,2024-05-10,2.0743439197540283,0.9600694444444444,24
raw,global_point,units,161835000,2024-04-16,2.0269582271575928,0.9583333333333334,25
raw,global_point,units,161836000,2024-04-25,110.81396484375,1.0,1
raw,global_point,units,161836000,2024-04-21,44.2767219543457,0.9982638888888888,2
raw,global_point,units,161836000,2024-04-24,36.185367584228516,0.9965277777777778,3
raw,global_point,units,161836000,2024-04-26,35.611576080322266,0.9947916666666666,4
raw,global_point,units,161836000,2024-04-22,26.166179656982422,0.9930555555555556,5
raw,global_point,units,161836000,2023-04-03,9.798185348510742,0.9913194444444444,6
raw,global_point,units,161836000,2024-04-14,8.307182312011719,0.9895833333333334,7
raw,global_point,units,161836000,2024-04-16,7.524318695068359,0.9878472222222222,8
raw,global_point,units,161836000,2024-03-28,5.966860771179199,0.9861111111111112,9
raw,global_point,units,161836000,2023-04-04,5.326271057128906,0.984375,10
raw,global_point,units,161836000,2024-05-13,4.947771072387695,0.9826388888888888,11
raw,global_point,units,161836000,2024-03-29,4.612671852111816,0.9809027777777778,12
raw,global_point,units,161836000,2023-03-01,4.354284763336182,0.9791666666666666,13
raw,global_point,units,161836000,2024-03-14,4.236733436584473,0.9774305555555556,14
raw,global_point,units,161836000,2024-05-19,3.199458360671997,0.9756944444444444,15
raw,global_point,units,161836000,2023-03-15,2.873080253601074,0.9739583333333334,16
raw,global_point,units,161836000,2024-04-09,2.8217248916625977,0.9722222222222222,17
raw,global_point,units,161836000,2024-04-18,2.700895071029663,0.9704861111111112,18
raw,global_point,units,161836000,2024-04-10,2.6732070446014404,0.96875,19
raw,global_point,units,161836000,2024-05-04,2.548720598220825,0.9670138888888888,20
raw,global_point,units,161836000,2024-05-05,2.5279955863952637,0.9652777777777778,21
raw,global_point,units,161836000,2024-04-01,2.4044299125671387,0.9635416666666666,22
raw,global_point,units,161836000,2024-04-07,2.394200325012207,0.9618055555555556,23
raw,global_point,units,161836000,2024-05-16,2.3929786682128906,0.9600694444444444,24
raw,global_point,units,161836000,2024-04-03,2.2994439601898193,0.9583333333333334,25
raw,global_point,units,161838000,2024-04-15,7.154095649719238,1.0,1
raw,global_point,units,161838000,2024-03-28,6.6256632804870605,0.9982638888888888,2
raw,global_point,units,161838000,2024-03-29,4.805356979370117,0.9965277777777778,3
raw,global_point,units,161838000,2024-04-14,4.191551685333252,0.9947916666666666,4
raw,global_point,units,161838000,2024-04-04,3.967479705810547,0.9930555555555556,5
raw,global_point,units,161838000,2024-04-08,3.5989818572998047,0.9913194444444444,6
raw,global_point,units,161838000,2024-04-05,2.8999176025390625,0.9895833333333334,7
raw,global_point,units,161838000,2023-09-20,2.770986795425415,0.9878472222222222,8
raw,global_point,units,161838000,2024-04-03,2.6894760131835938,0.9861111111111112,9
raw,global_point,units,161838000,2023-03-15,2.4306204319000244,0.984375,10
raw,global_point,units,161838000,2023-10-23,2.200747489929199,0.9826388888888888,11
raw,global_point,units,161838000,2023-07-24,1.9296096563339233,0.9809027777777778,12
raw,global_point,units,161838000,2024-02-05,1.7892770767211914,0.9791666666666666,13
raw,global_point,units,161838000,2023-08-23,1.7729076147079468,0.9774305555555556,14
raw,global_point,units,161838000,2024-05-20,1.7390943765640259,0.9756944444444444,15
raw,global_point,units,161838000,2024-03-04,1.7159911394119263,0.9739583333333334,16
raw,global_point,units,161838000,2024-04-07,1.6985492706298828,0.9722222222222222,17
raw,global_point,units,161838000,2024-03-15,1.6926019191741943,0.9704861111111112,18
raw,global_point,units,161838000,2022-11-11,1.3639190196990967,0.96875,19
raw,global_point,units,161838000,2023-05-17,1.328690528869629,0.9670138888888888,20
raw,global_point,units,161838000,2024-05-27,1.2970401048660278,0.9652777777777778,21
raw,global_point,units,161838000,2024-04-22,1.2222520112991333,0.9635416666666666,22
raw,global_point,units,161838000,2022-11-03,1.1952871084213257,0.9618055555555556,23
raw,global_point,units,161838000,2022-11-23,1.183703899383545,0.9600694444444444,24
raw,global_point,units,161838000,2024-03-08,1.0645514726638794,0.9583333333333334,25
raw,global_point,units,330387000,2024-03-01,14.910701751708984,1.0,1
raw,global_point,units,330387000,2024-03-14,8.945334434509277,0.9982638888888888,2
raw,global_point,units,330387000,2023-08-04,6.034083366394043,0.9965277777777778,3
raw,global_point,units,330387000,2023-09-11,5.451566219329834,0.9947916666666666,4
raw,global_point,units,330387000,2024-02-29,5.324242115020752,0.9930555555555556,5
raw,global_point,units,330387000,2023-02-09,5.033306121826172,0.9913194444444444,6
raw,global_point,units,330387000,2023-11-23,4.984344959259033,0.9895833333333334,7
raw,global_point,units,330387000,2024-05-15,4.108360767364502,0.9878472222222222,8
raw,global_point,units,330387000,2023-08-07,3.4670653343200684,0.9861111111111112,9
raw,global_point,units,330387000,2024-03-02,3.465158462524414,0.984375,10
raw,global_point,units,330387000,2023-09-10,3.3978326320648193,0.9826388888888888,11
raw,global_point,units,330387000,2024-04-25,3.0433216094970703,0.9809027777777778,12
raw,global_point,units,330387000,2024-04-15,2.887547016143799,0.9791666666666666,13
raw,global_point,units,330387000,2023-01-05,2.5708580017089844,0.9774305555555556,14
raw,global_point,units,330387000,2024-03-13,2.5491888523101807,0.9756944444444444,15
raw,global_point,units,330387000,2023-04-03,2.399632215499878,0.9739583333333334,16
raw,global_point,units,330387000,2024-03-29,2.352721929550171,0.9722222222222222,17
raw,global_point,units,330387000,2023-02-10,2.3102309703826904,0.9704861111111112,18
raw,global_point,units,330387000,2024-05-17,2.2724640369415283,0.96875,19
raw,global_point,units,330387000,2024-03-28,2.022310256958008,0.9670138888888888,20
raw,global_point,units,330387000,2024-04-04,1.930787444114685,0.9652777777777778,21
raw,global_point,units,330387000,2023-05-04,1.9303687810897827,0.9635416666666666,22
raw,global_point,units,330387000,2023-11-24,1.8720324039459229,0.9618055555555556,23
raw,global_point,units,330387000,2023-02-08,1.7705522775650024,0.9600694444444444,24
raw,global_point,units,330387000,2023-10-25,1.6421092748641968,0.9583333333333334,25
raw,contextual_point,calf,620000,2024-04-15,24.187599182128906,1.0,1
raw,contextual_point,calf,620000,2024-04-05,15.67551326751709,0.9982638888888888,2
raw,contextual_point,calf,620000,2024-04-11,12.552005767822266,0.9965277777777778,3
raw,contextual_point,calf,620000,2024-04-04,7.719419002532959,0.9947916666666666,4
raw,contextual_point,calf,620000,2023-10-31,7.556774616241455,0.9930555555555556,5
raw,contextual_point,calf,620000,2024-03-04,6.99363899230957,0.9913194444444444,6
raw,contextual_point,calf,620000,2023-05-10,5.797277927398682,0.9895833333333334,7
raw,contextual_point,calf,620000,2023-04-25,5.640199184417725,0.9878472222222222,8
raw,contextual_point,calf,620000,2024-05-21,5.513695240020752,0.9861111111111112,9
raw,contextual_point,calf,620000,2023-12-26,5.1808881759643555,0.984375,10
raw,contextual_point,calf,620000,2023-11-27,4.943831443786621,0.9826388888888888,11
raw,contextual_point,calf,620000,2024-04-01,4.937549591064453,0.9809027777777778,12
raw,contextual_point,calf,620000,2024-04-27,4.795774459838867,0.9791666666666666,13
raw,contextual_point,calf,620000,2024-05-05,4.6022515296936035,0.9774305555555556,14
raw,contextual_point,calf,620000,2024-05-19,4.436699867248535,0.9756944444444444,15
raw,contextual_point,calf,620000,2024-05-09,4.398177623748779,0.9739583333333334,16
raw,contextual_point,calf,620000,2023-10-05,4.376114845275879,0.9722222222222222,17
raw,contextual_point,calf,620000,2024-02-05,4.044036388397217,0.9704861111111112,18
raw,contextual_point,calf,620000,2023-03-06,3.886587142944336,0.96875,19
raw,contextual_point,calf,620000,2024-01-05,3.716726064682007,0.9670138888888888,20
raw,contextual_point,calf,620000,2024-01-04,3.6837360858917236,0.9652777777777778,21
raw,contextual_point,calf,620000,2024-05-14,3.562384605407715,0.9635416666666666,22
raw,contextual_point,calf,620000,2024-04-28,3.4180243015289307,0.9618055555555556,23
raw,contextual_point,calf,620000,2024-01-11,3.2981936931610107,0.9600694444444444,24
raw,contextual_point,calf,620000,2023-05-04,3.286698818206787,0.9583333333333334,25
raw,contextual_point,calf,633000,2024-04-15,23.034997940063477,1.0,1
raw,contextual_point,calf,633000,2024-04-25,15.14927864074707,0.9982638888888888,2
raw,contextual_point,calf,633000,2023-10-31,13.010912895202637,0.9965277777777778,3
raw,contextual_point,calf,633000,2024-05-22,11.06461238861084,0.9947916666666666,4
raw,contextual_point,calf,633000,2024-03-29,10.430069923400879,0.9930555555555556,5
raw,contextual_point,calf,633000,2024-05-23,8.91470718383789,0.9913194444444444,6
raw,contextual_point,calf,633000,2023-07-24,8.855130195617676,0.9895833333333334,7
raw,contextual_point,calf,633000,2023-02-06,8.104130744934082,0.9878472222222222,8
raw,contextual_point,calf,633000,2023-09-08,7.88478422164917,0.9861111111111112,9
raw,contextual_point,calf,633000,2024-04-02,7.865540504455566,0.984375,10
raw,contextual_point,calf,633000,2024-04-04,6.53754997253418,0.9826388888888888,11
raw,contextual_point,calf,633000,2023-11-27,5.410271644592285,0.9809027777777778,12
raw,contextual_point,calf,633000,2024-03-31,4.774341583251953,0.9791666666666666,13
raw,contextual_point,calf,633000,2024-04-12,4.709556579589844,0.9774305555555556,14
raw,contextual_point,calf,633000,2024-03-01,4.617032527923584,0.9756944444444444,15
raw,contextual_point,calf,633000,2023-03-15,4.521883010864258,0.9739583333333334,16
raw,contextual_point,calf,633000,2024-02-20,4.362380027770996,0.9722222222222222,17
raw,contextual_point,calf,633000,2023-05-10,4.285579681396484,0.9704861111111112,18
raw,contextual_point,calf,633000,2023-08-29,4.278482437133789,0.96875,19
raw,contextual_point,calf,633000,2024-05-09,4.2758097648620605,0.9670138888888888,20
raw,contextual_point,calf,633000,2023-11-28,4.141565799713135,0.9652777777777778,21
raw,contextual_point,calf,633000,2024-04-05,3.9189372062683105,0.9635416666666666,22
raw,contextual_point,calf,633000,2023-07-11,3.9180538654327393,0.9618055555555556,23
raw,contextual_point,calf,633000,2023-12-08,3.910444736480713,0.9600694444444444,24
raw,contextual_point,calf,633000,2024-05-24,3.8260879516601562,0.9583333333333334,25
raw,contextual_point,calf,2968000,2023-11-06,41.778724670410156,1.0,1
raw,contextual_point,calf,2968000,2024-03-14,40.720916748046875,0.9982638888888888,2
raw,contextual_point,calf,2968000,2024-02-15,40.047664642333984,0.9965277777777778,3
raw,contextual_point,calf,2968000,2024-04-11,35.18439483642578,0.9947916666666666,4
raw,contextual_point,calf,2968000,2024-02-13,30.107236862182617,0.9930555555555556,5
raw,contextual_point,calf,2968000,2023-09-18,29.93161392211914,0.9913194444444444,6
raw,contextual_point,calf,2968000,2023-11-03,21.29376983642578,0.9895833333333334,7
raw,contextual_point,calf,2968000,2024-04-12,14.501861572265625,0.9878472222222222,8
raw,contextual_point,calf,2968000,2023-10-04,12.012166976928711,0.9861111111111112,9
raw,contextual_point,calf,2968000,2023-09-28,9.386561393737793,0.984375,10
raw,contextual_point,calf,2968000,2024-01-03,9.29190444946289,0.9826388888888888,11
raw,contextual_point,calf,2968000,2024-04-08,8.73118782043457,0.9809027777777778,12
raw,contextual_point,calf,2968000,2024-05-16,8.539064407348633,0.9791666666666666,13
raw,contextual_point,calf,2968000,2023-12-04,8.293993949890137,0.9774305555555556,14
raw,contextual_point,calf,2968000,2024-01-22,7.520820140838623,0.9756944444444444,15
raw,contextual_point,calf,2968000,2024-03-05,7.418306827545166,0.9739583333333334,16
raw,contextual_point,calf,2968000,2023-10-27,6.84531831741333,0.9722222222222222,17
raw,contextual_point,calf,2968000,2023-09-21,6.796972751617432,0.9704861111111112,18
raw,contextual_point,calf,2968000,2024-05-27,6.3862481117248535,0.96875,19
raw,contextual_point,calf,2968000,2023-04-04,6.3360066413879395,0.9670138888888888,20
raw,contextual_point,calf,2968000,2023-11-09,6.105484962463379,0.9652777777777778,21
raw,contextual_point,calf,2968000,2024-02-19,5.914005756378174,0.9635416666666666,22
raw,contextual_point,calf,2968000,2023-10-05,5.7852702140808105,0.9618055555555556,23
raw,contextual_point,calf,2968000,2024-04-16,5.46428108215332,0.9600694444444444,24
raw,contextual_point,calf,2968000,2024-04-25,5.4603705406188965,0.9583333333333334,25
raw,contextual_point,calf,3296000,2024-03-01,85.24192810058594,1.0,1
raw,contextual_point,calf,3296000,2024-04-15,71.04878234863281,0.9982638888888888,2
raw,contextual_point,calf,3296000,2024-05-16,40.683753967285156,0.9965277777777778,3
raw,contextual_point,calf,3296000,2024-05-15,32.26283645629883,0.9947916666666666,4
raw,contextual_point,calf,3296000,2024-03-20,23.445785522460938,0.9930555555555556,5
raw,contextual_point,calf,3296000,2024-02-16,18.07052993774414,0.9913194444444444,6
raw,contextual_point,calf,3296000,2024-02-15,12.235194206237793,0.9895833333333334,7
raw,contextual_point,calf,3296000,2024-05-23,11.215001106262207,0.9878472222222222,8
raw,contextual_point,calf,3296000,2023-10-31,11.067570686340332,0.9861111111111112,9
raw,contextual_point,calf,3296000,2023-04-03,9.71975326538086,0.984375,10
raw,contextual_point,calf,3296000,2023-04-20,9.403116226196289,0.9826388888888888,11
raw,contextual_point,calf,3296000,2024-04-19,8.196860313415527,0.9809027777777778,12
raw,contextual_point,calf,3296000,2024-02-08,6.51931095123291,0.9791666666666666,13
raw,contextual_point,calf,3296000,2023-11-21,6.39176082611084,0.9774305555555556,14
raw,contextual_point,calf,3296000,2024-05-10,6.346187591552734,0.9756944444444444,15
raw,contextual_point,calf,3296000,2024-05-24,6.328803539276123,0.9739583333333334,16
raw,contextual_point,calf,3296000,2024-05-09,6.291563034057617,0.9722222222222222,17
raw,contextual_point,calf,3296000,2023-07-19,6.076415061950684,0.9704861111111112,18
raw,contextual_point,calf,3296000,2024-01-19,6.048725605010986,0.96875,19
raw,contextual_point,calf,3296000,2024-04-22,5.410059452056885,0.9670138888888888,20
raw,contextual_point,calf,3296000,2024-02-20,5.225300312042236,0.9652777777777778,21
raw,contextual_point,calf,3296000,2024-05-01,4.906557559967041,0.9635416666666666,22
raw,contextual_point,calf,3296000,2024-01-23,4.817245006561279,0.9618055555555556,23
raw,contextual_point,calf,3296000,2024-03-14,4.633886337280273,0.9600694444444444,24
raw,contextual_point,calf,3296000,2023-12-20,4.283603668212891,0.9583333333333334,25
raw,contextual_point,calf,13400000,2024-04-15,27.264570236206055,1.0,1
raw,contextual_point,calf,13400000,2023-04-03,13.739686965942383,0.9982638888888888,2
raw,contextual_point,calf,13400000,2023-10-31,13.398157119750977,0.9965277777777778,3
raw,contextual_point,calf,13400000,2023-04-21,12.20616626739502,0.9947916666666666,4
raw,contextual_point,calf,13400000,2023-09-18,10.144038200378418,0.9930555555555556,5
raw,contextual_point,calf,13400000,2023-11-01,9.54293441772461,0.9913194444444444,6
raw,contextual_point,calf,13400000,2023-05-10,7.47756290435791,0.9895833333333334,7
raw,contextual_point,calf,13400000,2024-05-24,7.2218708992004395,0.9878472222222222,8
raw,contextual_point,calf,13400000,2023-12-08,6.946366310119629,0.9861111111111112,9
raw,contextual_point,calf,13400000,2024-04-02,6.870667457580566,0.984375,10
raw,contextual_point,calf,13400000,2024-03-28,6.619845390319824,0.9826388888888888,11
raw,contextual_point,calf,13400000,2024-02-26,5.598100185394287,0.9809027777777778,12
raw,contextual_point,calf,13400000,2024-05-10,5.122344017028809,0.9791666666666666,13
raw,contextual_point,calf,13400000,2023-02-08,4.87202262878418,0.9774305555555556,14
raw,contextual_point,calf,13400000,2024-04-10,4.49246883392334,0.9756944444444444,15
raw,contextual_point,calf,13400000,2023-10-25,4.448129177093506,0.9739583333333334,16
raw,contextual_point,calf,13400000,2023-11-23,4.274125099182129,0.9722222222222222,17
raw,contextual_point,calf,13400000,2024-03-29,4.101332187652588,0.9704861111111112,18
raw,contextual_point,calf,13400000,2024-05-22,4.067525386810303,0.96875,19
raw,contextual_point,calf,13400000,2022-12-26,3.9760875701904297,0.9670138888888888,20
raw,contextual_point,calf,13400000,2024-04-05,3.9689435958862305,0.9652777777777778,21
raw,contextual_point,calf,13400000,2024-02-02,3.938760995864868,0.9635416666666666,22
raw,contextual_point,calf,13400000,2024-04-19,3.8401758670806885,0.9618055555555556,23
raw,contextual_point,calf,13400000,2023-04-06,3.7757515907287598,0.9600694444444444,24
raw,contextual_point,calf,13400000,2023-11-22,3.5524048805236816,0.9583333333333334,25
raw,contextual_point,calf,13401000,2024-04-15,21.101177215576172,1.0,1
raw,contextual_point,calf,13401000,2023-12-08,15.330536842346191,0.9982638888888888,2
raw,contextual_point,calf,13401000,2024-04-04,11.47252368927002,0.9965277777777778,3
raw,contextual_point,calf,13401000,2024-02-15,10.014490127563477,0.9947916666666666,4
raw,contextual_point,calf,13401000,2023-05-04,8.672952651977539,0.9930555555555556,5
raw,contextual_point,calf,13401000,2023-11-23,7.846214771270752,0.9913194444444444,6
raw,contextual_point,calf,13401000,2024-04-11,7.824023723602295,0.9895833333333334,7
raw,contextual_point,calf,13401000,2024-02-08,7.436954021453857,0.9878472222222222,8
raw,contextual_point,calf,13401000,2024-03-02,6.730743885040283,0.9861111111111112,9
raw,contextual_point,calf,13401000,2023-10-31,6.671121597290039,0.984375,10
raw,contextual_point,calf,13401000,2024-04-01,6.576916217803955,0.9826388888888888,11
raw,contextual_point,calf,13401000,2024-04-29,6.565408229827881,0.9809027777777778,12
raw,contextual_point,calf,13401000,2024-04-10,6.449207782745361,0.9791666666666666,13
raw,contextual_point,calf,13401000,2024-03-29,6.3283162117004395,0.9774305555555556,14
raw,contextual_point,calf,13401000,2023-03-29,6.219213008880615,0.9756944444444444,15
raw,contextual_point,calf,13401000,2023-04-29,6.158300876617432,0.9739583333333334,16
raw,contextual_point,calf,13401000,2023-03-02,5.767254829406738,0.9722222222222222,17
raw,contextual_point,calf,13401000,2024-04-03,5.4875898361206055,0.9704861111111112,18
raw,contextual_point,calf,13401000,2023-11-01,5.396873950958252,0.96875,19
raw,contextual_point,calf,13401000,2024-02-26,5.355911731719971,0.9670138888888888,20
raw,contextual_point,calf,13401000,2024-04-27,5.31236457824707,0.9652777777777778,21
raw,contextual_point,calf,13401000,2023-11-27,5.1748127937316895,0.9635416666666666,22
raw,contextual_point,calf,13401000,2023-04-04,5.135499477386475,0.9618055555555556,23
raw,contextual_point,calf,13401000,2024-03-08,5.127928256988525,0.9600694444444444,24
raw,contextual_point,calf,13401000,2024-04-16,4.791490077972412,0.9583333333333334,25
raw,contextual_point,calf,161832000,2024-04-23,62.04404067993164,1.0,1
raw,contextual_point,calf,161832000,2024-05-17,44.7677001953125,0.9982638888888888,2
raw,contextual_point,calf,161832000,2024-03-28,37.847721099853516,0.9965277777777778,3
raw,contextual_point,calf,161832000,2024-04-15,37.255104064941406,0.9947916666666666,4
raw,contextual_point,calf,161832000,2024-05-16,26.67509651184082,0.9930555555555556,5
raw,contextual_point,calf,161832000,2024-04-25,22.43183708190918,0.9913194444444444,6
raw,contextual_point,calf,161832000,2024-03-29,19.317386627197266,0.9895833333333334,7
raw,contextual_point,calf,161832000,2024-03-18,18.446903228759766,0.9878472222222222,8
raw,contextual_point,calf,161832000,2024-04-01,15.332075119018555,0.9861111111111112,9
raw,contextual_point,calf,161832000,2024-05-22,15.1555757522583,0.984375,10
raw,contextual_point,calf,161832000,2024-03-01,15.113177299499512,0.9826388888888888,11
raw,contextual_point,calf,161832000,2024-03-30,13.890435218811035,0.9809027777777778,12
raw,contextual_point,calf,161832000,2024-02-29,13.70541763305664,0.9791666666666666,13
raw,contextual_point,calf,161832000,2024-03-21,12.857502937316895,0.9774305555555556,14
raw,contextual_point,calf,161832000,2024-03-07,12.812113761901855,0.9756944444444444,15
raw,contextual_point,calf,161832000,2024-05-10,12.803874015808105,0.9739583333333334,16
raw,contextual_point,calf,161832000,2023-10-31,11.481842994689941,0.9722222222222222,17
raw,contextual_point,calf,161832000,2024-05-14,11.421733856201172,0.9704861111111112,18
raw,contextual_point,calf,161832000,2023-05-04,10.498812675476074,0.96875,19
raw,contextual_point,calf,161832000,2023-04-03,10.304780006408691,0.9670138888888888,20
raw,contextual_point,calf,161832000,2024-05-09,9.616025924682617,0.9652777777777778,21
raw,contextual_point,calf,161832000,2024-04-22,8.616055488586426,0.9635416666666666,22
raw,contextual_point,calf,161832000,2024-03-23,8.328132629394531,0.9618055555555556,23
raw,contextual_point,calf,161832000,2023-11-23,7.968164443969727,0.9600694444444444,24
raw,contextual_point,calf,161832000,2024-04-28,7.955173969268799,0.9583333333333334,25
raw,contextual_point,calf,161835000,2024-04-25,365.01055908203125,1.0,1
raw,contextual_point,calf,161835000,2024-04-22,227.84144592285156,0.9982638888888888,2
raw,contextual_point,calf,161835000,2024-04-23,141.5576934814453,0.9965277777777778,3
raw,contextual_point,calf,161835000,2024-04-27,47.51652145385742,0.9947916666666666,4
raw,contextual_point,calf,161835000,2024-03-20,44.01264953613281,0.9930555555555556,5
raw,contextual_point,calf,161835000,2024-04-15,41.80110549926758,0.9913194444444444,6
raw,contextual_point,calf,161835000,2024-05-14,29.420881271362305,0.9895833333333334,7
raw,contextual_point,calf,161835000,2024-05-25,29.18332862854004,0.9878472222222222,8
raw,contextual_point,calf,161835000,2024-03-28,27.376901626586914,0.9861111111111112,9
raw,contextual_point,calf,161835000,2023-10-18,22.568805694580078,0.984375,10
raw,contextual_point,calf,161835000,2024-03-21,19.639921188354492,0.9826388888888888,11
raw,contextual_point,calf,161835000,2024-05-23,19.311729431152344,0.9809027777777778,12
raw,contextual_point,calf,161835000,2024-05-20,19.27484130859375,0.9791666666666666,13
raw,contextual_point,calf,161835000,2023-04-03,18.668420791625977,0.9774305555555556,14
raw,contextual_point,calf,161835000,2024-02-26,17.80782699584961,0.9756944444444444,15
raw,contextual_point,calf,161835000,2023-03-01,17.74353790283203,0.9739583333333334,16
raw,contextual_point,calf,161835000,2023-10-31,15.12568187713623,0.9722222222222222,17
raw,contextual_point,calf,161835000,2024-03-30,13.265342712402344,0.9704861111111112,18
raw,contextual_point,calf,161835000,2024-03-29,13.045792579650879,0.96875,19
raw,contextual_point,calf,161835000,2024-04-11,12.54338264465332,0.9670138888888888,20
raw,contextual_point,calf,161835000,2024-04-19,11.994270324707031,0.9652777777777778,21
raw,contextual_point,calf,161835000,2024-02-28,11.917177200317383,0.9635416666666666,22
raw,contextual_point,calf,161835000,2024-02-24,11.181888580322266,0.9618055555555556,23
raw,contextual_point,calf,161835000,2024-05-29,11.167491912841797,0.9600694444444444,24
raw,contextual_point,calf,161835000,2024-05-09,10.011408805847168,0.9583333333333334,25
raw,contextual_point,calf,161836000,2024-04-25,458.0382080078125,1.0,1
raw,contextual_point,calf,161836000,2024-04-22,166.25497436523438,0.9982638888888888,2
raw,contextual_point,calf,161836000,2024-04-23,140.88600158691406,0.9965277777777778,3
raw,contextual_point,calf,161836000,2024-04-18,72.5840835571289,0.9947916666666666,4
raw,contextual_point,calf,161836000,2023-03-01,49.471290588378906,0.9930555555555556,5
raw,contextual_point,calf,161836000,2023-04-03,46.6964225769043,0.9913194444444444,6
raw,contextual_point,calf,161836000,2024-03-20,33.13233947753906,0.9895833333333334,7
raw,contextual_point,calf,161836000,2024-04-29,26.643508911132812,0.9878472222222222,8
raw,contextual_point,calf,161836000,2024-03-22,25.566682815551758,0.9861111111111112,9
raw,contextual_point,calf,161836000,2024-03-29,23.044809341430664,0.984375,10
raw,contextual_point,calf,161836000,2024-04-24,21.761646270751953,0.9826388888888888,11
raw,contextual_point,calf,161836000,2024-04-05,20.187414169311523,0.9809027777777778,12
raw,contextual_point,calf,161836000,2023-04-04,17.875743865966797,0.9791666666666666,13
raw,contextual_point,calf,161836000,2024-03-19,17.135156631469727,0.9774305555555556,14
raw,contextual_point,calf,161836000,2024-04-15,16.708023071289062,0.9756944444444444,15
raw,contextual_point,calf,161836000,2024-04-03,15.974408149719238,0.9739583333333334,16
raw,contextual_point,calf,161836000,2024-04-19,15.56936264038086,0.9722222222222222,17
raw,contextual_point,calf,161836000,2024-04-30,15.379487991333008,0.9704861111111112,18
raw,contextual_point,calf,161836000,2024-05-09,15.20281982421875,0.96875,19
raw,contextual_point,calf,161836000,2024-03-21,14.995804786682129,0.9670138888888888,20
raw,contextual_point,calf,161836000,2023-02-28,14.17439079284668,0.9652777777777778,21
raw,contextual_point,calf,161836000,2023-03-30,12.969905853271484,0.9635416666666666,22
raw,contextual_point,calf,161836000,2024-05-17,9.858518600463867,0.9618055555555556,23
raw,contextual_point,calf,161836000,2024-04-27,9.39791202545166,0.9600694444444444,24
raw,contextual_point,calf,161836000,2024-03-12,9.075627326965332,0.9583333333333334,25
raw,contextual_point,calf,161838000,2024-04-15,60.92621612548828,1.0,1
raw,contextual_point,calf,161838000,2024-05-16,50.845619201660156,0.9982638888888888,2
raw,contextual_point,calf,161838000,2024-05-09,26.3250675201416,0.9965277777777778,3
raw,contextual_point,calf,161838000,2024-05-15,24.415935516357422,0.9947916666666666,4
raw,contextual_point,calf,161838000,2024-05-05,12.911008834838867,0.9930555555555556,5
raw,contextual_point,calf,161838000,2024-04-01,11.932570457458496,0.9913194444444444,6
raw,contextual_point,calf,161838000,2024-03-28,11.52552318572998,0.9895833333333334,7
raw,contextual_point,calf,161838000,2024-02-20,11.101287841796875,0.9878472222222222,8
raw,contextual_point,calf,161838000,2024-05-13,10.713960647583008,0.9861111111111112,9
raw,contextual_point,calf,161838000,2024-03-29,10.559415817260742,0.984375,10
raw,contextual_point,calf,161838000,2024-05-06,9.257889747619629,0.9826388888888888,11
raw,contextual_point,calf,161838000,2024-05-10,8.22986125946045,0.9809027777777778,12
raw,contextual_point,calf,161838000,2024-04-19,7.196048736572266,0.9791666666666666,13
raw,contextual_point,calf,161838000,2023-09-20,6.79890251159668,0.9774305555555556,14
raw,contextual_point,calf,161838000,2023-05-04,6.729377269744873,0.9756944444444444,15
raw,contextual_point,calf,161838000,2023-08-23,6.546511650085449,0.9739583333333334,16
raw,contextual_point,calf,161838000,2024-05-17,6.522603511810303,0.9722222222222222,17
raw,contextual_point,calf,161838000,2023-10-23,6.507343769073486,0.9704861111111112,18
raw,contextual_point,calf,161838000,2023-09-07,6.341897487640381,0.96875,19
raw,contextual_point,calf,161838000,2024-05-22,6.309891700744629,0.9670138888888888,20
raw,contextual_point,calf,161838000,2024-05-28,6.273190975189209,0.9652777777777778,21
raw,contextual_point,calf,161838000,2024-04-25,6.103389263153076,0.9635416666666666,22
raw,contextual_point,calf,161838000,2024-04-27,6.010652542114258,0.9618055555555556,23
raw,contextual_point,calf,161838000,2024-02-16,5.915508270263672,0.9600694444444444,24
raw,contextual_point,calf,161838000,2023-03-15,5.888585090637207,0.9583333333333334,25
raw,contextual_point,calf,330387000,2024-03-01,44.73836135864258,1.0,1
raw,contextual_point,calf,330387000,2024-03-14,37.05717468261719,0.9982638888888888,2
raw,contextual_point,calf,330387000,2023-09-11,28.95554542541504,0.9965277777777778,3
raw,contextual_point,calf,330387000,2024-04-22,27.235376358032227,0.9947916666666666,4
raw,contextual_point,calf,330387000,2023-10-05,24.708572387695312,0.9930555555555556,5
raw,contextual_point,calf,330387000,2023-11-23,20.52031898498535,0.9913194444444444,6
raw,contextual_point,calf,330387000,2023-08-04,19.25536346435547,0.9895833333333334,7
raw,contextual_point,calf,330387000,2024-04-23,17.500282287597656,0.9878472222222222,8
raw,contextual_point,calf,330387000,2024-02-29,16.997037887573242,0.9861111111111112,9
raw,contextual_point,calf,330387000,2024-03-29,16.024995803833008,0.984375,10
raw,contextual_point,calf,330387000,2023-05-04,13.939294815063477,0.9826388888888888,11
raw,contextual_point,calf,330387000,2024-05-15,13.93151569366455,0.9809027777777778,12
raw,contextual_point,calf,330387000,2024-03-15,13.68554973602295,0.9791666666666666,13
raw,contextual_point,calf,330387000,2023-08-07,13.68277645111084,0.9774305555555556,14
raw,contextual_point,calf,330387000,2024-05-08,11.604187965393066,0.9756944444444444,15
raw,contextual_point,calf,330387000,2024-03-18,10.803327560424805,0.9739583333333334,16
raw,contextual_point,calf,330387000,2023-02-09,10.201951026916504,0.9722222222222222,17
raw,contextual_point,calf,330387000,2024-05-16,9.919684410095215,0.9704861111111112,18
raw,contextual_point,calf,330387000,2024-05-17,9.917865753173828,0.96875,19
raw,contextual_point,calf,330387000,2024-05-24,9.228375434875488,0.9670138888888888,20
raw,contextual_point,calf,330387000,2024-03-22,8.205879211425781,0.9652777777777778,21
raw,contextual_point,calf,330387000,2023-04-03,8.11868667602539,0.9635416666666666,22
raw,contextual_point,calf,330387000,2023-11-14,7.631702899932861,0.9618055555555556,23
raw,contextual_point,calf,330387000,2024-04-25,7.554686546325684,0.9600694444444444,24
raw,contextual_point,calf,330387000,2024-05-20,7.225941181182861,0.9583333333333334,25
raw,subsequence_pattern,calf,620000,2024-04-15,24.187599182128906,1.0,1
raw,subsequence_pattern,calf,620000,2024-04-05,15.67551326751709,0.9982638888888888,2
raw,subsequence_pattern,calf,620000,2024-04-11,12.552005767822266,0.9965277777777778,3
raw,subsequence_pattern,calf,620000,2024-04-04,7.719419002532959,0.9947916666666666,4
raw,subsequence_pattern,calf,620000,2023-10-31,7.556774616241455,0.9930555555555556,5
raw,subsequence_pattern,calf,620000,2024-03-04,6.99363899230957,0.9913194444444444,6
raw,subsequence_pattern,calf,620000,2023-05-10,5.797277927398682,0.9895833333333334,7
raw,subsequence_pattern,calf,620000,2023-04-25,5.640199184417725,0.9878472222222222,8
raw,subsequence_pattern,calf,620000,2024-05-21,5.513695240020752,0.9861111111111112,9
raw,subsequence_pattern,calf,620000,2023-12-26,5.1808881759643555,0.984375,10
raw,subsequence_pattern,calf,620000,2023-11-27,4.943831443786621,0.9826388888888888,11
raw,subsequence_pattern,calf,620000,2024-04-01,4.937549591064453,0.9809027777777778,12
raw,subsequence_pattern,calf,620000,2024-04-27,4.795774459838867,0.9791666666666666,13
raw,subsequence_pattern,calf,620000,2024-05-05,4.6022515296936035,0.9774305555555556,14
raw,subsequence_pattern,calf,620000,2024-05-19,4.436699867248535,0.9756944444444444,15
raw,subsequence_pattern,calf,620000,2024-05-09,4.398177623748779,0.9739583333333334,16
raw,subsequence_pattern,calf,620000,2023-10-05,4.376114845275879,0.9722222222222222,17
raw,subsequence_pattern,calf,620000,2024-02-05,4.044036388397217,0.9704861111111112,18
raw,subsequence_pattern,calf,620000,2023-03-06,3.886587142944336,0.96875,19
raw,subsequence_pattern,calf,620000,2024-01-05,3.716726064682007,0.9670138888888888,20
raw,subsequence_pattern,calf,620000,2024-01-04,3.6837360858917236,0.9652777777777778,21
raw,subsequence_pattern,calf,620000,2024-05-14,3.562384605407715,0.9635416666666666,22
raw,subsequence_pattern,calf,620000,2024-04-28,3.4180243015289307,0.9618055555555556,23
raw,subsequence_pattern,calf,620000,2024-01-11,3.2981936931610107,0.9600694444444444,24
raw,subsequence_pattern,calf,620000,2023-05-04,3.286698818206787,0.9583333333333334,25
raw,subsequence_pattern,calf,633000,2024-04-15,23.034997940063477,1.0,1
raw,subsequence_pattern,calf,633000,2024-04-25,15.14927864074707,0.9982638888888888,2
raw,subsequence_pattern,calf,633000,2023-10-31,13.010912895202637,0.9965277777777778,3
raw,subsequence_pattern,calf,633000,2024-05-22,11.06461238861084,0.9947916666666666,4
raw,subsequence_pattern,calf,633000,2024-03-29,10.430069923400879,0.9930555555555556,5
raw,subsequence_pattern,calf,633000,2024-05-23,8.91470718383789,0.9913194444444444,6
raw,subsequence_pattern,calf,633000,2023-07-24,8.855130195617676,0.9895833333333334,7
raw,subsequence_pattern,calf,633000,2023-02-06,8.104130744934082,0.9878472222222222,8
raw,subsequence_pattern,calf,633000,2023-09-08,7.88478422164917,0.9861111111111112,9
raw,subsequence_pattern,calf,633000,2024-04-02,7.865540504455566,0.984375,10
raw,subsequence_pattern,calf,633000,2024-04-04,6.53754997253418,0.9826388888888888,11
raw,subsequence_pattern,calf,633000,2023-11-27,5.410271644592285,0.9809027777777778,12
raw,subsequence_pattern,calf,633000,2024-03-31,4.774341583251953,0.9791666666666666,13
raw,subsequence_pattern,calf,633000,2024-04-12,4.709556579589844,0.9774305555555556,14
raw,subsequence_pattern,calf,633000,2024-03-01,4.617032527923584,0.9756944444444444,15
raw,subsequence_pattern,calf,633000,2023-03-15,4.521883010864258,0.9739583333333334,16
raw,subsequence_pattern,calf,633000,2024-02-20,4.362380027770996,0.9722222222222222,17
raw,subsequence_pattern,calf,633000,2023-05-10,4.285579681396484,0.9704861111111112,18
raw,subsequence_pattern,calf,633000,2023-08-29,4.278482437133789,0.96875,19
raw,subsequence_pattern,calf,633000,2024-05-09,4.2758097648620605,0.9670138888888888,20
raw,subsequence_pattern,calf,633000,2023-11-28,4.141565799713135,0.9652777777777778,21
raw,subsequence_pattern,calf,633000,2024-04-05,3.9189372062683105,0.9635416666666666,22
raw,subsequence_pattern,calf,633000,2023-07-11,3.9180538654327393,0.9618055555555556,23
raw,subsequence_pattern,calf,633000,2023-12-08,3.910444736480713,0.9600694444444444,24
raw,subsequence_pattern,calf,633000,2024-05-24,3.8260879516601562,0.9583333333333334,25
raw,subsequence_pattern,calf,2968000,2023-11-06,41.778724670410156,1.0,1
raw,subsequence_pattern,calf,2968000,2024-03-14,40.720916748046875,0.9982638888888888,2
raw,subsequence_pattern,calf,2968000,2024-02-15,40.047664642333984,0.9965277777777778,3
raw,subsequence_pattern,calf,2968000,2024-04-11,35.18439483642578,0.9947916666666666,4
raw,subsequence_pattern,calf,2968000,2024-02-13,30.107236862182617,0.9930555555555556,5
raw,subsequence_pattern,calf,2968000,2023-09-18,29.93161392211914,0.9913194444444444,6
raw,subsequence_pattern,calf,2968000,2023-11-03,21.29376983642578,0.9895833333333334,7
raw,subsequence_pattern,calf,2968000,2024-04-12,14.501861572265625,0.9878472222222222,8
raw,subsequence_pattern,calf,2968000,2023-10-04,12.012166976928711,0.9861111111111112,9
raw,subsequence_pattern,calf,2968000,2023-09-28,9.386561393737793,0.984375,10
raw,subsequence_pattern,calf,2968000,2024-01-03,9.29190444946289,0.9826388888888888,11
raw,subsequence_pattern,calf,2968000,2024-04-08,8.73118782043457,0.9809027777777778,12
raw,subsequence_pattern,calf,2968000,2024-05-16,8.539064407348633,0.9791666666666666,13
raw,subsequence_pattern,calf,2968000,2023-12-04,8.293993949890137,0.9774305555555556,14
raw,subsequence_pattern,calf,2968000,2024-01-22,7.520820140838623,0.9756944444444444,15
raw,subsequence_pattern,calf,2968000,2024-03-05,7.418306827545166,0.9739583333333334,16
raw,subsequence_pattern,calf,2968000,2023-10-27,6.84531831741333,0.9722222222222222,17
raw,subsequence_pattern,calf,2968000,2023-09-21,6.796972751617432,0.9704861111111112,18
raw,subsequence_pattern,calf,2968000,2024-05-27,6.3862481117248535,0.96875,19
raw,subsequence_pattern,calf,2968000,2023-04-04,6.3360066413879395,0.9670138888888888,20
raw,subsequence_pattern,calf,2968000,2023-11-09,6.105484962463379,0.9652777777777778,21
raw,subsequence_pattern,calf,2968000,2024-02-19,5.914005756378174,0.9635416666666666,22
raw,subsequence_pattern,calf,2968000,2023-10-05,5.7852702140808105,0.9618055555555556,23
raw,subsequence_pattern,calf,2968000,2024-04-16,5.46428108215332,0.9600694444444444,24
raw,subsequence_pattern,calf,2968000,2024-04-25,5.4603705406188965,0.9583333333333334,25
raw,subsequence_pattern,calf,3296000,2024-03-01,85.24192810058594,1.0,1
raw,subsequence_pattern,calf,3296000,2024-04-15,71.04878234863281,0.9982638888888888,2
raw,subsequence_pattern,calf,3296000,2024-05-16,40.683753967285156,0.9965277777777778,3
raw,subsequence_pattern,calf,3296000,2024-05-15,32.26283645629883,0.9947916666666666,4
raw,subsequence_pattern,calf,3296000,2024-03-20,23.445785522460938,0.9930555555555556,5
raw,subsequence_pattern,calf,3296000,2024-02-16,18.07052993774414,0.9913194444444444,6
raw,subsequence_pattern,calf,3296000,2024-02-15,12.235194206237793,0.9895833333333334,7
raw,subsequence_pattern,calf,3296000,2024-05-23,11.215001106262207,0.9878472222222222,8
raw,subsequence_pattern,calf,3296000,2023-10-31,11.067570686340332,0.9861111111111112,9
raw,subsequence_pattern,calf,3296000,2023-04-03,9.71975326538086,0.984375,10
raw,subsequence_pattern,calf,3296000,2023-04-20,9.403116226196289,0.9826388888888888,11
raw,subsequence_pattern,calf,3296000,2024-04-19,8.196860313415527,0.9809027777777778,12
raw,subsequence_pattern,calf,3296000,2024-02-08,6.51931095123291,0.9791666666666666,13
raw,subsequence_pattern,calf,3296000,2023-11-21,6.39176082611084,0.9774305555555556,14
raw,subsequence_pattern,calf,3296000,2024-05-10,6.346187591552734,0.9756944444444444,15
raw,subsequence_pattern,calf,3296000,2024-05-24,6.328803539276123,0.9739583333333334,16
raw,subsequence_pattern,calf,3296000,2024-05-09,6.291563034057617,0.9722222222222222,17
raw,subsequence_pattern,calf,3296000,2023-07-19,6.076415061950684,0.9704861111111112,18
raw,subsequence_pattern,calf,3296000,2024-01-19,6.048725605010986,0.96875,19
raw,subsequence_pattern,calf,3296000,2024-04-22,5.410059452056885,0.9670138888888888,20
raw,subsequence_pattern,calf,3296000,2024-02-20,5.225300312042236,0.9652777777777778,21
raw,subsequence_pattern,calf,3296000,2024-05-01,4.906557559967041,0.9635416666666666,22
raw,subsequence_pattern,calf,3296000,2024-01-23,4.817245006561279,0.9618055555555556,23
raw,subsequence_pattern,calf,3296000,2024-03-14,4.633886337280273,0.9600694444444444,24
raw,subsequence_pattern,calf,3296000,2023-12-20,4.283603668212891,0.9583333333333334,25
raw,subsequence_pattern,calf,13400000,2024-04-15,27.264570236206055,1.0,1
raw,subsequence_pattern,calf,13400000,2023-04-03,13.739686965942383,0.9982638888888888,2
raw,subsequence_pattern,calf,13400000,2023-10-31,13.398157119750977,0.9965277777777778,3
raw,subsequence_pattern,calf,13400000,2023-04-21,12.20616626739502,0.9947916666666666,4
raw,subsequence_pattern,calf,13400000,2023-09-18,10.144038200378418,0.9930555555555556,5
raw,subsequence_pattern,calf,13400000,2023-11-01,9.54293441772461,0.9913194444444444,6
raw,subsequence_pattern,calf,13400000,2023-05-10,7.47756290435791,0.9895833333333334,7
raw,subsequence_pattern,calf,13400000,2024-05-24,7.2218708992004395,0.9878472222222222,8
raw,subsequence_pattern,calf,13400000,2023-12-08,6.946366310119629,0.9861111111111112,9
raw,subsequence_pattern,calf,13400000,2024-04-02,6.870667457580566,0.984375,10
raw,subsequence_pattern,calf,13400000,2024-03-28,6.619845390319824,0.9826388888888888,11
raw,subsequence_pattern,calf,13400000,2024-02-26,5.598100185394287,0.9809027777777778,12
raw,subsequence_pattern,calf,13400000,2024-05-10,5.122344017028809,0.9791666666666666,13
raw,subsequence_pattern,calf,13400000,2023-02-08,4.87202262878418,0.9774305555555556,14
raw,subsequence_pattern,calf,13400000,2024-04-10,4.49246883392334,0.9756944444444444,15
raw,subsequence_pattern,calf,13400000,2023-10-25,4.448129177093506,0.9739583333333334,16
raw,subsequence_pattern,calf,13400000,2023-11-23,4.274125099182129,0.9722222222222222,17
raw,subsequence_pattern,calf,13400000,2024-03-29,4.101332187652588,0.9704861111111112,18
raw,subsequence_pattern,calf,13400000,2024-05-22,4.067525386810303,0.96875,19
raw,subsequence_pattern,calf,13400000,2022-12-26,3.9760875701904297,0.9670138888888888,20
raw,subsequence_pattern,calf,13400000,2024-04-05,3.9689435958862305,0.9652777777777778,21
raw,subsequence_pattern,calf,13400000,2024-02-02,3.938760995864868,0.9635416666666666,22
raw,subsequence_pattern,calf,13400000,2024-04-19,3.8401758670806885,0.9618055555555556,23
raw,subsequence_pattern,calf,13400000,2023-04-06,3.7757515907287598,0.9600694444444444,24
raw,subsequence_pattern,calf,13400000,2023-11-22,3.5524048805236816,0.9583333333333334,25
raw,subsequence_pattern,calf,13401000,2024-04-15,21.101177215576172,1.0,1
raw,subsequence_pattern,calf,13401000,2023-12-08,15.330536842346191,0.9982638888888888,2
raw,subsequence_pattern,calf,13401000,2024-04-04,11.47252368927002,0.9965277777777778,3
raw,subsequence_pattern,calf,13401000,2024-02-15,10.014490127563477,0.9947916666666666,4
raw,subsequence_pattern,calf,13401000,2023-05-04,8.672952651977539,0.9930555555555556,5
raw,subsequence_pattern,calf,13401000,2023-11-23,7.846214771270752,0.9913194444444444,6
raw,subsequence_pattern,calf,13401000,2024-04-11,7.824023723602295,0.9895833333333334,7
raw,subsequence_pattern,calf,13401000,2024-02-08,7.436954021453857,0.9878472222222222,8
raw,subsequence_pattern,calf,13401000,2024-03-02,6.730743885040283,0.9861111111111112,9
raw,subsequence_pattern,calf,13401000,2023-10-31,6.671121597290039,0.984375,10
raw,subsequence_pattern,calf,13401000,2024-04-01,6.576916217803955,0.9826388888888888,11
raw,subsequence_pattern,calf,13401000,2024-04-29,6.565408229827881,0.9809027777777778,12
raw,subsequence_pattern,calf,13401000,2024-04-10,6.449207782745361,0.9791666666666666,13
raw,subsequence_pattern,calf,13401000,2024-03-29,6.3283162117004395,0.9774305555555556,14
raw,subsequence_pattern,calf,13401000,2023-03-29,6.219213008880615,0.9756944444444444,15
raw,subsequence_pattern,calf,13401000,2023-04-29,6.158300876617432,0.9739583333333334,16
raw,subsequence_pattern,calf,13401000,2023-03-02,5.767254829406738,0.9722222222222222,17
raw,subsequence_pattern,calf,13401000,2024-04-03,5.4875898361206055,0.9704861111111112,18
raw,subsequence_pattern,calf,13401000,2023-11-01,5.396873950958252,0.96875,19
raw,subsequence_pattern,calf,13401000,2024-02-26,5.355911731719971,0.9670138888888888,20
raw,subsequence_pattern,calf,13401000,2024-04-27,5.31236457824707,0.9652777777777778,21
raw,subsequence_pattern,calf,13401000,2023-11-27,5.1748127937316895,0.9635416666666666,22
raw,subsequence_pattern,calf,13401000,2023-04-04,5.135499477386475,0.9618055555555556,23
raw,subsequence_pattern,calf,13401000,2024-03-08,5.127928256988525,0.9600694444444444,24
raw,subsequence_pattern,calf,13401000,2024-04-16,4.791490077972412,0.9583333333333334,25
raw,subsequence_pattern,calf,161832000,2024-04-23,62.04404067993164,1.0,1
raw,subsequence_pattern,calf,161832000,2024-05-17,44.7677001953125,0.9982638888888888,2
raw,subsequence_pattern,calf,161832000,2024-03-28,37.847721099853516,0.9965277777777778,3
raw,subsequence_pattern,calf,161832000,2024-04-15,37.255104064941406,0.9947916666666666,4
raw,subsequence_pattern,calf,161832000,2024-05-16,26.67509651184082,0.9930555555555556,5
raw,subsequence_pattern,calf,161832000,2024-04-25,22.43183708190918,0.9913194444444444,6
raw,subsequence_pattern,calf,161832000,2024-03-29,19.317386627197266,0.9895833333333334,7
raw,subsequence_pattern,calf,161832000,2024-03-18,18.446903228759766,0.9878472222222222,8
raw,subsequence_pattern,calf,161832000,2024-04-01,15.332075119018555,0.9861111111111112,9
raw,subsequence_pattern,calf,161832000,2024-05-22,15.1555757522583,0.984375,10
raw,subsequence_pattern,calf,161832000,2024-03-01,15.113177299499512,0.9826388888888888,11
raw,subsequence_pattern,calf,161832000,2024-03-30,13.890435218811035,0.9809027777777778,12
raw,subsequence_pattern,calf,161832000,2024-02-29,13.70541763305664,0.9791666666666666,13
raw,subsequence_pattern,calf,161832000,2024-03-21,12.857502937316895,0.9774305555555556,14
raw,subsequence_pattern,calf,161832000,2024-03-07,12.812113761901855,0.9756944444444444,15
raw,subsequence_pattern,calf,161832000,2024-05-10,12.803874015808105,0.9739583333333334,16
raw,subsequence_pattern,calf,161832000,2023-10-31,11.481842994689941,0.9722222222222222,17
raw,subsequence_pattern,calf,161832000,2024-05-14,11.421733856201172,0.9704861111111112,18
raw,subsequence_pattern,calf,161832000,2023-05-04,10.498812675476074,0.96875,19
raw,subsequence_pattern,calf,161832000,2023-04-03,10.304780006408691,0.9670138888888888,20
raw,subsequence_pattern,calf,161832000,2024-05-09,9.616025924682617,0.9652777777777778,21
raw,subsequence_pattern,calf,161832000,2024-04-22,8.616055488586426,0.9635416666666666,22
raw,subsequence_pattern,calf,161832000,2024-03-23,8.328132629394531,0.9618055555555556,23
raw,subsequence_pattern,calf,161832000,2023-11-23,7.968164443969727,0.9600694444444444,24
raw,subsequence_pattern,calf,161832000,2024-04-28,7.955173969268799,0.9583333333333334,25
raw,subsequence_pattern,calf,161835000,2024-04-25,365.01055908203125,1.0,1
raw,subsequence_pattern,calf,161835000,2024-04-22,227.84144592285156,0.9982638888888888,2
raw,subsequence_pattern,calf,161835000,2024-04-23,141.5576934814453,0.9965277777777778,3
raw,subsequence_pattern,calf,161835000,2024-04-27,47.51652145385742,0.9947916666666666,4
raw,subsequence_pattern,calf,161835000,2024-03-20,44.01264953613281,0.9930555555555556,5
raw,subsequence_pattern,calf,161835000,2024-04-15,41.80110549926758,0.9913194444444444,6
raw,subsequence_pattern,calf,161835000,2024-05-14,29.420881271362305,0.9895833333333334,7
raw,subsequence_pattern,calf,161835000,2024-05-25,29.18332862854004,0.9878472222222222,8
raw,subsequence_pattern,calf,161835000,2024-03-28,27.376901626586914,0.9861111111111112,9
raw,subsequence_pattern,calf,161835000,2023-10-18,22.568805694580078,0.984375,10
raw,subsequence_pattern,calf,161835000,2024-03-21,19.639921188354492,0.9826388888888888,11
raw,subsequence_pattern,calf,161835000,2024-05-23,19.311729431152344,0.9809027777777778,12
raw,subsequence_pattern,calf,161835000,2024-05-20,19.27484130859375,0.9791666666666666,13
raw,subsequence_pattern,calf,161835000,2023-04-03,18.668420791625977,0.9774305555555556,14
raw,subsequence_pattern,calf,161835000,2024-02-26,17.80782699584961,0.9756944444444444,15
raw,subsequence_pattern,calf,161835000,2023-03-01,17.74353790283203,0.9739583333333334,16
raw,subsequence_pattern,calf,161835000,2023-10-31,15.12568187713623,0.9722222222222222,17
raw,subsequence_pattern,calf,161835000,2024-03-30,13.265342712402344,0.9704861111111112,18
raw,subsequence_pattern,calf,161835000,2024-03-29,13.045792579650879,0.96875,19
raw,subsequence_pattern,calf,161835000,2024-04-11,12.54338264465332,0.9670138888888888,20
raw,subsequence_pattern,calf,161835000,2024-04-19,11.994270324707031,0.9652777777777778,21
raw,subsequence_pattern,calf,161835000,2024-02-28,11.917177200317383,0.9635416666666666,22
raw,subsequence_pattern,calf,161835000,2024-02-24,11.181888580322266,0.9618055555555556,23
raw,subsequence_pattern,calf,161835000,2024-05-29,11.167491912841797,0.9600694444444444,24
raw,subsequence_pattern,calf,161835000,2024-05-09,10.011408805847168,0.9583333333333334,25
raw,subsequence_pattern,calf,161836000,2024-04-25,458.0382080078125,1.0,1
raw,subsequence_pattern,calf,161836000,2024-04-22,166.25497436523438,0.9982638888888888,2
raw,subsequence_pattern,calf,161836000,2024-04-23,140.88600158691406,0.9965277777777778,3
raw,subsequence_pattern,calf,161836000,2024-04-18,72.5840835571289,0.9947916666666666,4
raw,subsequence_pattern,calf,161836000,2023-03-01,49.471290588378906,0.9930555555555556,5
raw,subsequence_pattern,calf,161836000,2023-04-03,46.6964225769043,0.9913194444444444,6
raw,subsequence_pattern,calf,161836000,2024-03-20,33.13233947753906,0.9895833333333334,7
raw,subsequence_pattern,calf,161836000,2024-04-29,26.643508911132812,0.9878472222222222,8
raw,subsequence_pattern,calf,161836000,2024-03-22,25.566682815551758,0.9861111111111112,9
raw,subsequence_pattern,calf,161836000,2024-03-29,23.044809341430664,0.984375,10
raw,subsequence_pattern,calf,161836000,2024-04-24,21.761646270751953,0.9826388888888888,11
raw,subsequence_pattern,calf,161836000,2024-04-05,20.187414169311523,0.9809027777777778,12
raw,subsequence_pattern,calf,161836000,2023-04-04,17.875743865966797,0.9791666666666666,13
raw,subsequence_pattern,calf,161836000,2024-03-19,17.135156631469727,0.9774305555555556,14
raw,subsequence_pattern,calf,161836000,2024-04-15,16.708023071289062,0.9756944444444444,15
raw,subsequence_pattern,calf,161836000,2024-04-03,15.974408149719238,0.9739583333333334,16
raw,subsequence_pattern,calf,161836000,2024-04-19,15.56936264038086,0.9722222222222222,17
raw,subsequence_pattern,calf,161836000,2024-04-30,15.379487991333008,0.9704861111111112,18
raw,subsequence_pattern,calf,161836000,2024-05-09,15.20281982421875,0.96875,19
raw,subsequence_pattern,calf,161836000,2024-03-21,14.995804786682129,0.9670138888888888,20
raw,subsequence_pattern,calf,161836000,2023-02-28,14.17439079284668,0.9652777777777778,21
raw,subsequence_pattern,calf,161836000,2023-03-30,12.969905853271484,0.9635416666666666,22
raw,subsequence_pattern,calf,161836000,2024-05-17,9.858518600463867,0.9618055555555556,23
raw,subsequence_pattern,calf,161836000,2024-04-27,9.39791202545166,0.9600694444444444,24
raw,subsequence_pattern,calf,161836000,2024-03-12,9.075627326965332,0.9583333333333334,25
raw,subsequence_pattern,calf,161838000,2024-04-15,60.92621612548828,1.0,1
raw,subsequence_pattern,calf,161838000,2024-05-16,50.845619201660156,0.9982638888888888,2
raw,subsequence_pattern,calf,161838000,2024-05-09,26.3250675201416,0.9965277777777778,3
raw,subsequence_pattern,calf,161838000,2024-05-15,24.415935516357422,0.9947916666666666,4
raw,subsequence_pattern,calf,161838000,2024-05-05,12.911008834838867,0.9930555555555556,5
raw,subsequence_pattern,calf,161838000,2024-04-01,11.932570457458496,0.9913194444444444,6
raw,subsequence_pattern,calf,161838000,2024-03-28,11.52552318572998,0.9895833333333334,7
raw,subsequence_pattern,calf,161838000,2024-02-20,11.101287841796875,0.9878472222222222,8
raw,subsequence_pattern,calf,161838000,2024-05-13,10.713960647583008,0.9861111111111112,9
raw,subsequence_pattern,calf,161838000,2024-03-29,10.559415817260742,0.984375,10
raw,subsequence_pattern,calf,161838000,2024-05-06,9.257889747619629,0.9826388888888888,11
raw,subsequence_pattern,calf,161838000,2024-05-10,8.22986125946045,0.9809027777777778,12
raw,subsequence_pattern,calf,161838000,2024-04-19,7.196048736572266,0.9791666666666666,13
raw,subsequence_pattern,calf,161838000,2023-09-20,6.79890251159668,0.9774305555555556,14
raw,subsequence_pattern,calf,161838000,2023-05-04,6.729377269744873,0.9756944444444444,15
raw,subsequence_pattern,calf,161838000,2023-08-23,6.546511650085449,0.9739583333333334,16
raw,subsequence_pattern,calf,161838000,2024-05-17,6.522603511810303,0.9722222222222222,17
raw,subsequence_pattern,calf,161838000,2023-10-23,6.507343769073486,0.9704861111111112,18
raw,subsequence_pattern,calf,161838000,2023-09-07,6.341897487640381,0.96875,19
raw,subsequence_pattern,calf,161838000,2024-05-22,6.309891700744629,0.9670138888888888,20
raw,subsequence_pattern,calf,161838000,2024-05-28,6.273190975189209,0.9652777777777778,21
raw,subsequence_pattern,calf,161838000,2024-04-25,6.103389263153076,0.9635416666666666,22
raw,subsequence_pattern,calf,161838000,2024-04-27,6.010652542114258,0.9618055555555556,23
raw,subsequence_pattern,calf,161838000,2024-02-16,5.915508270263672,0.9600694444444444,24
raw,subsequence_pattern,calf,161838000,2023-03-15,5.888585090637207,0.9583333333333334,25
raw,subsequence_pattern,calf,330387000,2024-03-01,44.73836135864258,1.0,1
raw,subsequence_pattern,calf,330387000,2024-03-14,37.05717468261719,0.9982638888888888,2
raw,subsequence_pattern,calf,330387000,2023-09-11,28.95554542541504,0.9965277777777778,3
raw,subsequence_pattern,calf,330387000,2024-04-22,27.235376358032227,0.9947916666666666,4
raw,subsequence_pattern,calf,330387000,2023-10-05,24.708572387695312,0.9930555555555556,5
raw,subsequence_pattern,calf,330387000,2023-11-23,20.52031898498535,0.9913194444444444,6
raw,subsequence_pattern,calf,330387000,2023-08-04,19.25536346435547,0.9895833333333334,7
raw,subsequence_pattern,calf,330387000,2024-04-23,17.500282287597656,0.9878472222222222,8
raw,subsequence_pattern,calf,330387000,2024-02-29,16.997037887573242,0.9861111111111112,9
raw,subsequence_pattern,calf,330387000,2024-03-29,16.024995803833008,0.984375,10
raw,subsequence_pattern,calf,330387000,2023-05-04,13.939294815063477,0.9826388888888888,11
raw,subsequence_pattern,calf,330387000,2024-05-15,13.93151569366455,0.9809027777777778,12
raw,subsequence_pattern,calf,330387000,2024-03-15,13.68554973602295,0.9791666666666666,13
raw,subsequence_pattern,calf,330387000,2023-08-07,13.68277645111084,0.9774305555555556,14
raw,subsequence_pattern,calf,330387000,2024-05-08,11.604187965393066,0.9756944444444444,15
raw,subsequence_pattern,calf,330387000,2024-03-18,10.803327560424805,0.9739583333333334,16
raw,subsequence_pattern,calf,330387000,2023-02-09,10.201951026916504,0.9722222222222222,17
raw,subsequence_pattern,calf,330387000,2024-05-16,9.919684410095215,0.9704861111111112,18
raw,subsequence_pattern,calf,330387000,2024-05-17,9.917865753173828,0.96875,19
raw,subsequence_pattern,calf,330387000,2024-05-24,9.228375434875488,0.9670138888888888,20
raw,subsequence_pattern,calf,330387000,2024-03-22,8.205879211425781,0.9652777777777778,21
raw,subsequence_pattern,calf,330387000,2023-04-03,8.11868667602539,0.9635416666666666,22
raw,subsequence_pattern,calf,330387000,2023-11-14,7.631702899932861,0.9618055555555556,23
raw,subsequence_pattern,calf,330387000,2024-04-25,7.554686546325684,0.9600694444444444,24
raw,subsequence_pattern,calf,330387000,2024-05-20,7.225941181182861,0.9583333333333334,25
raw,multivariate_dependency,catch,ALL,2024-04-25,84.16153717041016,1.0,1
raw,multivariate_dependency,catch,ALL,2024-04-22,54.419715881347656,0.9982638888888888,2
raw,multivariate_dependency,catch,ALL,2024-04-23,41.80569839477539,0.9965277777777778,3
raw,multivariate_dependency,catch,ALL,2024-04-15,29.968482971191406,0.9947916666666666,4
raw,multivariate_dependency,catch,ALL,2024-05-16,26.88442611694336,0.9930555555555556,5
raw,multivariate_dependency,catch,ALL,2024-04-11,25.418636322021484,0.9913194444444444,6
raw,multivariate_dependency,catch,ALL,2024-03-28,18.914880752563477,0.9895833333333334,7
raw,multivariate_dependency,catch,ALL,2024-03-14,12.903916358947754,0.9878472222222222,8
raw,multivariate_dependency,catch,ALL,2024-05-15,12.88611125946045,0.9861111111111112,9
raw,multivariate_dependency,catch,ALL,2024-03-01,11.482950210571289,0.984375,10
raw,multivariate_dependency,catch,ALL,2024-05-17,10.574163436889648,0.9826388888888888,11
raw,multivariate_dependency,catch,ALL,2023-10-31,10.259737968444824,0.9809027777777778,12
raw,multivariate_dependency,catch,ALL,2023-03-01,9.8278169631958,0.9791666666666666,13
raw,multivariate_dependency,catch,ALL,2024-02-15,9.2835111618042,0.9774305555555556,14
raw,multivariate_dependency,catch,ALL,2023-04-03,9.250289916992188,0.9756944444444444,15
raw,multivariate_dependency,catch,ALL,2023-11-23,8.870348930358887,0.9739583333333334,16
raw,multivariate_dependency,catch,ALL,2023-10-18,8.283885955810547,0.9722222222222222,17
raw,multivariate_dependency,catch,ALL,2023-05-04,8.160531044006348,0.9704861111111112,18
raw,multivariate_dependency,catch,ALL,2024-04-12,7.686086654663086,0.96875,19
raw,multivariate_dependency,catch,ALL,2024-04-05,7.554306983947754,0.9670138888888888,20
raw,multivariate_dependency,catch,ALL,2023-10-05,5.691617965698242,0.9652777777777778,21
raw,multivariate_dependency,catch,ALL,2022-12-26,5.542754650115967,0.9635416666666666,22
raw,multivariate_dependency,catch,ALL,2023-04-25,5.395795822143555,0.9618055555555556,23
raw,multivariate_dependency,catch,ALL,2023-11-06,5.004541397094727,0.9600694444444444,24
raw,multivariate_dependency,catch,ALL,2024-05-22,4.493847370147705,0.9583333333333334,25
